Využijte šanci investovat do bytového komplexu v Karlových Varech s nízkou cenou 10 000 000 KČ. Měsíční příjem je 1 000 000 Kč. Je skvělou příležitostí pro ty, kteří hledají zajímavou investici;
BIGVARY:10000000:1000000;
Využijte šanci investovat do bytového komplexu v Brně s cenou 100 000 000 KČ. Měsíční příjem je 1 000 000 Kč. Je skvělou příležitostí pro ty, kteří hledají zajímavou investici;
BIGVARY:100000000:1000000;
Využijte šanci investovat do skladů ve Velké Lhotě s nízkou cenou 10 000 000 KČ. Měsíční příjem je 2 000 000 Kč. Je skvělou příležitostí pro ty, kteří hledají zajímavou investici;
SKLADLHOTA:10000000:2000000;
Využijte šanci investovat do skladů ve Velké s nízkou cenou 10 000 000 KČ. Měsíční příjem je 2 000 000 Kč. Je skvělou příležitostí pro ty, kteří hledají zajímavou investici;
SKLADVELKA:10000000:2000000;
Využijte šanci koupit firmu KHC s 10 000 000 KČ. Měsíční příjem je 2 000 000 Kč. Je skvělou příležitostí pro ty, kteří hledají zajímavou investici;
FIRMAKHC:10000000:2000000;
Využijte šanci koupit firmu Pear s 20 000 000 KČ. Měsíční příjem je 10 000 000 Kč. Je skvělou příležitostí pro ty, kteří hledají zajímavou investici;
FIRMAKHC:20000000:10000000;
