Naskočte na vlnu digitálního bohatství! Máte jedinečnou možnost zakoupit kryptoměnu BITCOIN za počáteční cenu 40 Kč. S nekonečným potenciálem růstu, tato žhavá novinka v oblasti digitálních aktiv může být klíčem k vaší finanční svobodě!;
40:BTCKRYPTO;
Naskočte na vlnu digitálního bohatství! Máte jedinečnou možnost zakoupit kryptoměnu BITCOIN za počáteční cenu 5000 Kč. S nekonečným potenciálem růstu, tato žhavá novinka v oblasti digitálních aktiv může být klíčem k vaší finanční svobodě!;
5000:BTCKRYPTO;
Naskočte na vlnu digitálního bohatství! Máte jedinečnou možnost zakoupit kryptoměnu BITCOIN za počáteční cenu 10000 Kč. S nekonečným potenciálem růstu, tato žhavá novinka v oblasti digitálních aktiv může být klíčem k vaší finanční svobodě!;
10000:BTCKRYPTO;
Naskočte na vlnu digitálního bohatství! Máte jedinečnou možnost zakoupit kryptoměnu ELONCOIN za počáteční cenu 200 Kč. S nekonečným potenciálem růstu, tato žhavá novinka v oblasti digitálních aktiv může být klíčem k vaší finanční svobodě!;
200:ELONKRYPTO;
Zahajte svou cestu ke bohatství! Naše nabídka na akcie Mrkvosoftu začíná na 2000 Kč za kus. S potenciálem dlouhodobého růstu a vzrušujícím novým přírůstkem na finančním trhu, tato akce vám může otevřít dveře k finanční nezávislosti!;
2000:MRKVSFTAKCIE;
Zahajte svou cestu ke bohatství! Naše nabídka na akcie Mrkvosoftu začíná na 200 Kč za kus. S potenciálem dlouhodobého růstu a vzrušujícím novým přírůstkem na finančním trhu, tato akce vám může otevřít dveře k finanční nezávislosti!;
200:MRKVSFTAKCIE;
Zahajte svou cestu ke bohatství! Naše nabídka této žhavé akcie Nikoly začíná na 1000 Kč za kus. S potenciálem neomezeného růstu a vzrušujícím novým přírůstkem na finančním trhu, tato akce vám může otevřít dveře k finanční nezávislosti!;
1000:NIKOLAAKCIE;
Zahajte svou cestu ke bohatství! Naše nabídka na zlato  začíná na 4000 Kč za kus. S potenciálem dlouhodobého růstu a vzrušujícím novým přírůstkem na finančním trhu, využijte toho do té doby, než zkrachuje finanční systém!;
4000:GOLDZLATO;
Zahajte svou cestu ke bohatství! Naše nabídka na byt v centru Brna  začíná na 1 000 000 Kč za kus. S měsíčním příjmem 4000Kč;
1000000:BRNOBYT;
Zahajte svou cestu ke bohatství! Naše nabídka na byt v centru Ostravy  začíná na 700 000 Kč za kus. S měsíčním příjmem 4000Kč;
700000:OSTRAVABYT;
Zahajte svou cestu ke bohatství! Naše nabídka na byt v centru Ústí  začíná na 200 000 Kč za kus. S měsíčním příjmem 4000Kč ;
200000:USTIBYT;
Zahajte svou cestu ke bohatství! Naše nabídka na dluhopis SAUNIA začíná na 1000 Kč za kus. S potenciálem stabilního příjmu 10KČ za dluhopis;
200000:SAUNIA;


